timestamp,timestamp_unix,latitude,longitude,altitude,heading,speed_mps,gps_status,position_covariance_type,battery_percent
2025-09-04T08:21:10.484987Z,1756974070,-31.9813310950,115.8159720100,-20.552,54.39,0.000,0,2,
2025-09-04T08:21:15.492094Z,1756974075,-31.9813279410,115.8159772010,-19.768,60.72,0.120,0,2,
2025-09-04T08:21:20.685688Z,1756974080,-31.9813252520,115.8159828540,-18.787,47.52,0.118,0,2,
2025-09-04T08:21:25.691718Z,1756974085,-31.9813224600,115.8159864490,-17.844,42.06,0.092,0,2,
2025-09-04T08:21:30.881857Z,1756974090,-31.9813195150,115.8159895820,-17.034,52.09,0.085,0,2,
2025-09-04T08:21:36.075095Z,1756974096,-31.9813177560,115.8159922450,-16.489,47.68,0.061,0,2,
2025-09-04T08:21:41.295780Z,1756974101,-31.9813157980,115.8159947800,-16.095,90.96,0.062,0,2,
2025-09-04T08:21:46.486189Z,1756974106,-31.9813159110,115.8160026900,-15.807,92.03,0.144,0,2,
2025-09-04T08:21:51.669762Z,1756974111,-31.9813176720,115.8160611930,-16.242,88.25,1.065,0,2,
2025-09-04T08:21:56.675538Z,1756974116,-31.9813159590,115.8161272260,-16.655,85.64,1.245,0,2,
2025-09-04T08:22:01.876955Z,1756974121,-31.9813117460,115.8161923210,-16.596,86.29,1.184,0,2,
2025-09-04T08:22:07.066162Z,1756974127,-31.9813080390,115.8162596670,-16.587,90.44,1.227,0,2,
2025-09-04T08:22:12.288855Z,1756974132,-31.9813084800,115.8163271690,-16.995,92.55,1.219,0,2,
2025-09-04T08:22:17.490638Z,1756974137,-31.9813111480,115.8163978980,-17.070,86.68,1.284,0,2,
2025-09-04T08:22:22.671167Z,1756974142,-31.9813079340,115.8164632820,-17.197,92.76,1.192,0,2,
2025-09-04T08:22:27.689267Z,1756974147,-31.9813105380,115.8165270700,-17.401,90.79,1.200,0,2,
2025-09-04T08:22:32.697800Z,1756974152,-31.9813113780,115.8165987450,-17.050,86.23,1.350,0,2,
2025-09-04T08:22:37.877672Z,1756974157,-31.9813075280,115.8166675370,-17.017,90.62,1.255,0,2,
2025-09-04T08:22:42.883498Z,1756974162,-31.9813081340,115.8167340620,-17.110,91.22,1.254,0,2,
2025-09-04T08:22:47.893359Z,1756974167,-31.9813093430,115.8168007850,-17.169,93.00,1.256,0,2,
2025-09-04T08:22:53.083322Z,1756974173,-31.9813124920,115.8168715230,-17.148,91.25,1.287,0,2,
2025-09-04T08:22:58.294676Z,1756974178,-31.9813137480,115.8169393480,-17.487,88.05,1.228,0,2,
2025-09-04T08:23:03.304843Z,1756974183,-31.9813119250,115.8170025290,-17.359,88.71,1.190,0,2,
2025-09-04T08:23:08.310923Z,1756974188,-31.9813106330,115.8170700270,-17.660,81.66,1.272,0,2,
2025-09-04T08:23:13.501214Z,1756974193,-31.9813017600,115.8171413710,-17.641,58.50,1.310,0,2,
2025-09-04T08:23:18.691148Z,1756974198,-31.9812904870,115.8171630560,-17.760,349.15,0.462,0,2,
2025-09-04T08:23:23.871955Z,1756974203,-31.9812894910,115.8171628310,-18.074,228.00,0.022,0,2,
2025-09-04T08:23:28.879423Z,1756974208,-31.9812960810,115.8171542010,-18.636,82.29,0.219,0,2,
2025-09-04T08:23:33.888103Z,1756974213,-31.9812935180,115.8171765170,-18.267,26.39,0.424,0,2,
2025-09-04T08:23:39.080591Z,1756974219,-31.9812461640,115.8172042200,-17.247,358.53,1.132,0,2,
2025-09-04T08:23:44.301489Z,1756974224,-31.9811821740,115.8172022850,-16.179,357.54,1.363,0,2,
2025-09-04T08:23:49.310718Z,1756974229,-31.9811204670,115.8171991620,-16.789,358.49,1.371,0,2,
2025-09-04T08:23:54.501035Z,1756974234,-31.9810534210,115.8171970750,-17.606,359.87,1.437,0,2,
2025-09-04T08:23:59.690971Z,1756974239,-31.9809928430,115.8171969090,-17.454,357.46,1.298,0,2,
2025-09-04T08:24:04.881572Z,1756974244,-31.9809339410,115.8171938250,-17.372,358.98,1.263,0,2,
2025-09-04T08:24:09.888389Z,1756974249,-31.9808734950,115.8171925550,-17.411,1.42,1.343,0,2,
2025-09-04T08:24:15.078305Z,1756974255,-31.9808169000,115.8171942050,-16.870,359.66,1.213,0,2,
2025-09-04T08:24:20.292157Z,1756974260,-31.9807553970,115.8171937770,-16.534,359.55,1.312,0,2,
2025-09-04T08:24:25.310016Z,1756974265,-31.9806948130,115.8171932170,-16.678,0.59,1.343,0,2,
2025-09-04T08:24:30.490926Z,1756974270,-31.9806400190,115.8171938860,-16.825,3.76,1.176,0,2,
2025-09-04T08:24:35.497696Z,1756974275,-31.9805823820,115.8171983560,-17.038,6.25,1.283,0,2,
2025-09-04T08:24:40.665825Z,1756974280,-31.9805233720,115.8172059710,-17.489,2.61,1.277,0,2,
2025-09-04T08:24:45.686187Z,1756974285,-31.9804673460,115.8172089810,-17.153,7.02,1.242,0,2,
2025-09-04T08:24:50.694284Z,1756974290,-31.9804127130,115.8172169100,-17.359,4.14,1.222,0,2,
2025-09-04T08:24:55.701676Z,1756974295,-31.9803547920,115.8172218530,-18.098,358.19,1.290,0,2,
2025-09-04T08:25:00.880513Z,1756974300,-31.9802976980,115.8172197240,-21.769,356.01,1.226,0,2,
2025-09-04T08:25:05.899933Z,1756974305,-31.9802442210,115.8172153320,-23.436,355.63,1.188,0,2,
2025-09-04T08:25:11.100765Z,1756974311,-31.9801820200,115.8172097220,-24.123,357.18,1.334,0,2,
2025-09-04T08:25:16.323020Z,1756974316,-31.9801194710,115.8172060880,-24.381,355.70,1.333,0,2,
2025-09-04T08:25:21.331127Z,1756974321,-31.9800570820,115.8172005630,-23.981,2.15,1.389,0,2,
2025-09-04T08:25:26.500205Z,1756974326,-31.9799959860,115.8172032640,-24.040,359.16,1.315,0,2,
2025-09-04T08:25:31.510103Z,1756974331,-31.9799398430,115.8172022920,-24.458,358.84,1.246,0,2,
2025-09-04T08:25:36.517611Z,1756974336,-31.9798824760,115.8172009270,-24.896,356.51,1.274,0,2,
2025-09-04T08:25:41.696160Z,1756974341,-31.9798209820,115.8171965000,-24.676,0.45,1.323,0,2,
2025-09-04T08:25:46.897484Z,1756974346,-31.9797596430,115.8171970680,-24.569,359.28,1.311,0,2,
2025-09-04T08:25:52.088592Z,1756974352,-31.9796997050,115.8171961750,-24.608,0.03,1.284,0,2,
2025-09-04T08:25:57.311987Z,1756974357,-31.9796392450,115.8171962120,-24.424,358.29,1.287,0,2,
2025-09-04T08:26:02.492563Z,1756974362,-31.9795798930,115.8171941240,-24.417,1.37,1.274,0,2,
2025-09-04T08:26:07.684584Z,1756974367,-31.9795223990,115.8171957400,-24.528,2.39,1.232,0,2,
2025-09-04T08:26:12.876225Z,1756974372,-31.9794641980,115.8171986020,-24.417,13.61,1.248,0,2,
2025-09-04T08:26:17.881425Z,1756974377,-31.9794114950,115.8172136450,-23.791,26.91,1.205,0,2,
2025-09-04T08:26:23.071579Z,1756974383,-31.9793670320,115.8172402520,-24.044,38.06,1.068,0,2,
2025-09-04T08:26:28.090802Z,1756974388,-31.9793341930,115.8172705610,-24.035,44.66,0.924,0,2,
2025-09-04T08:26:33.313890Z,1756974393,-31.9793004520,115.8173098730,-23.507,55.47,1.010,0,2,
2025-09-04T08:26:38.492678Z,1756974398,-31.9792753840,115.8173528170,-22.952,69.16,0.949,0,2,
2025-09-04T08:26:43.500111Z,1756974403,-31.9792632510,115.8173904010,-22.338,77.84,0.757,0,2,
2025-09-04T08:26:48.667755Z,1756974408,-31.9792548110,115.8174365700,-21.563,90.67,0.862,0,2,
2025-09-04T08:26:53.697111Z,1756974413,-31.9792553160,115.8174877310,-20.882,89.75,0.960,0,2,
2025-09-04T08:26:58.877909Z,1756974418,-31.9792550720,115.8175533180,-20.503,88.54,1.194,0,2,
2025-09-04T08:27:04.071859Z,1756974424,-31.9792536250,115.8176204330,-20.246,90.44,1.219,0,2,
2025-09-04T08:27:09.079293Z,1756974429,-31.9792541680,115.8177032480,-19.303,81.98,1.560,0,2,
2025-09-04T08:27:14.300218Z,1756974434,-31.9792476760,115.8177575400,-19.857,88.27,0.991,0,2,
2025-09-04T08:27:19.490402Z,1756974439,-31.9792458970,115.8178269490,-19.931,91.82,1.262,0,2,
2025-09-04T08:27:24.681659Z,1756974444,-31.9792478750,115.8179003470,-19.681,82.39,1.334,0,2,
2025-09-04T08:27:29.688652Z,1756974449,-31.9792392180,115.8179767430,-20.567,94.65,1.452,0,2,
2025-09-04T08:27:34.878356Z,1756974454,-31.9792439760,115.8180456810,-20.359,96.92,1.257,0,2,
2025-09-04T08:27:40.081669Z,1756974460,-31.9792461700,115.8180670060,-20.755,283.68,0.389,0,2,
2025-09-04T08:27:45.304301Z,1756974465,-31.9792399050,115.8180366520,-21.210,276.30,0.564,0,2,
2025-09-04T08:27:50.494092Z,1756974470,-31.9792348630,115.8179827820,-20.887,274.36,0.985,0,2,
2025-09-04T08:27:55.684182Z,1756974475,-31.9792310040,115.8179231310,-20.760,268.99,1.087,0,2,
2025-09-04T08:28:00.886104Z,1756974480,-31.9792320050,115.8178558620,-20.610,270.57,1.220,0,2,
2025-09-04T08:28:06.076386Z,1756974486,-31.9792314150,115.8177854720,-20.815,270.65,1.279,0,2,
2025-09-04T08:28:11.288616Z,1756974491,-31.9792307450,115.8177153670,-20.257,274.68,1.269,0,2,
2025-09-04T08:28:16.299551Z,1756974496,-31.9792265990,115.8176556340,-20.087,270.80,1.128,0,2,
2025-09-04T08:28:21.304882Z,1756974501,-31.9792258160,115.8175896850,-19.932,261.00,1.243,0,2,
2025-09-04T08:28:26.495811Z,1756974506,-31.9792347410,115.8175232340,-19.068,256.50,1.222,0,2,
2025-09-04T08:28:31.503684Z,1756974511,-31.9792417730,115.8174887020,-18.273,278.89,0.669,0,2,
2025-09-04T08:28:36.683212Z,1756974516,-31.9792367110,115.8174505310,-17.640,317.26,0.704,0,2,
2025-09-04T08:28:41.700888Z,1756974521,-31.9792077520,115.8174189820,-17.656,330.21,0.874,0,2,
2025-09-04T08:28:46.893024Z,1756974526,-31.9791982170,115.8174125470,-17.081,174.06,0.235,0,2,
2025-09-04T08:28:52.082788Z,1756974532,-31.9792254320,115.8174158870,-17.272,187.61,0.586,0,2,
2025-09-04T08:28:57.304996Z,1756974537,-31.9792593740,115.8174105410,-16.564,211.76,0.729,0,2,
2025-09-04T08:29:02.312381Z,1756974542,-31.9792814610,115.8173944230,-17.008,248.00,0.577,0,2,
2025-09-04T08:29:07.503630Z,1756974547,-31.9792930040,115.8173607360,-16.829,234.94,0.660,0,2,
2025-09-04T08:29:12.683092Z,1756974552,-31.9793204160,115.8173146920,-16.808,230.16,1.024,0,2,
2025-09-04T08:29:17.884316Z,1756974557,-31.9793549330,115.8172659270,-16.959,220.59,1.152,0,2,
2025-09-04T08:29:23.075159Z,1756974563,-31.9793886060,115.8172319090,-16.649,204.49,0.950,0,2,
2025-09-04T08:29:28.083379Z,1756974568,-31.9794389670,115.8172048610,-16.673,191.27,1.229,0,2,
2025-09-04T08:29:33.318419Z,1756974573,-31.9794967190,115.8171912890,-16.571,183.83,1.251,0,2,
2025-09-04T08:29:38.495483Z,1756974578,-31.9795477330,115.8171872580,-16.862,178.65,1.098,0,2,
2025-09-04T08:29:43.495622Z,1756974583,-31.9796026570,115.8171887860,-17.116,176.76,1.222,0,2,
2025-09-04T08:29:48.684146Z,1756974588,-31.9796634360,115.8171928430,-17.812,177.15,1.305,0,2,
2025-09-04T08:29:53.712778Z,1756974593,-31.9797171320,115.8171959970,-19.396,182.68,1.189,0,2,
2025-09-04T08:29:58.892875Z,1756974598,-31.9797709790,115.8171930210,-21.172,189.27,1.157,0,2,
2025-09-04T08:30:03.901392Z,1756974603,-31.9798290090,115.8171818580,-23.218,179.96,1.305,0,2,
2025-09-04T08:30:09.093424Z,1756974609,-31.9798854910,115.8171819000,-24.797,174.33,1.210,0,2,
2025-09-04T08:30:14.326372Z,1756974614,-31.9799363100,115.8171878450,-27.793,180.31,1.085,0,2,
2025-09-04T08:30:19.515618Z,1756974619,-31.9800048420,115.8171874090,-27.604,184.51,1.469,0,2,
2025-09-04T08:30:24.685812Z,1756974624,-31.9800651300,115.8171818080,-28.029,178.98,1.301,0,2,
2025-09-04T08:30:29.714028Z,1756974629,-31.9801279580,115.8171831330,-27.719,181.47,1.390,0,2,
2025-09-04T08:30:34.896203Z,1756974634,-31.9801872570,115.8171813370,-27.082,183.52,1.273,0,2,
2025-09-04T08:30:40.085241Z,1756974640,-31.9802509440,115.8171767180,-26.180,184.98,1.367,0,2,
2025-09-04T08:30:45.104523Z,1756974645,-31.9803082830,115.8171708330,-26.107,188.73,1.275,0,2,
2025-09-04T08:30:50.325882Z,1756974650,-31.9803670160,115.8171602000,-25.556,183.96,1.265,0,2,
2025-09-04T08:30:55.506185Z,1756974655,-31.9804271470,115.8171552930,-25.363,183.20,1.294,0,2,
2025-09-04T08:31:00.676011Z,1756974660,-31.9804840220,115.8171515490,-25.449,174.83,1.225,0,2,
2025-09-04T08:31:05.686863Z,1756974665,-31.9805262670,115.8171560570,-25.379,150.33,0.941,0,2,
2025-09-04T08:31:10.693428Z,1756974670,-31.9805637850,115.8171812600,-25.299,131.48,0.959,0,2,
2025-09-04T08:31:15.871438Z,1756974675,-31.9805977340,115.8172265280,-25.166,132.31,1.101,0,2,
2025-09-04T08:31:20.877871Z,1756974680,-31.9806305330,115.8172690010,-25.312,126.29,1.082,0,2,
2025-09-04T08:31:26.082342Z,1756974686,-31.9806627490,115.8173207180,-26.479,168.70,1.163,0,2,
2025-09-04T08:31:31.089192Z,1756974691,-31.9807252380,115.8173354440,-25.420,134.05,1.415,0,2,
2025-09-04T08:31:36.302963Z,1756974696,-31.9807626320,115.8173810090,-26.564,128.05,1.147,0,2,
2025-09-04T08:31:41.319579Z,1756974701,-31.9808002980,115.8174377370,-26.854,126.29,1.354,0,2,
2025-09-04T08:31:46.498242Z,1756974706,-31.9808389920,115.8174998550,-26.757,125.57,1.404,0,2,
2025-09-04T08:31:51.507742Z,1756974711,-31.9808746920,115.8175586980,-26.763,120.06,1.362,0,2,
2025-09-04T08:31:56.686742Z,1756974716,-31.9809057820,115.8176220320,-27.123,120.85,1.333,0,2,
2025-09-04T08:32:01.877285Z,1756974721,-31.9809379300,115.8176854920,-26.176,112.33,1.343,0,2,
2025-09-04T08:32:06.896743Z,1756974726,-31.9809598590,115.8177484370,-25.604,110.94,1.279,0,2,
2025-09-04T08:32:12.087351Z,1756974732,-31.9809798940,115.8178101560,-27.355,104.28,1.201,0,2,
2025-09-04T08:32:17.309616Z,1756974737,-31.9809946960,115.8178787030,-25.987,93.33,1.278,0,2,
2025-09-04T08:32:22.318470Z,1756974742,-31.9809980760,115.8179471690,-25.211,91.51,1.291,0,2,
2025-09-04T08:32:27.323959Z,1756974747,-31.9809996000,115.8180155460,-25.060,82.85,1.289,0,2,
2025-09-04T08:32:32.494224Z,1756974752,-31.9809918690,115.8180882070,-25.021,63.34,1.336,0,2,
2025-09-04T08:32:37.502313Z,1756974757,-31.9809647130,115.8181519790,-24.849,62.70,1.344,0,2,
2025-09-04T08:32:42.509134Z,1756974762,-31.9809358330,115.8182179500,-24.890,63.57,1.399,0,2,
2025-09-04T08:32:47.699188Z,1756974767,-31.9809109610,115.8182769440,-24.809,61.67,1.197,0,2,
2025-09-04T08:32:52.902646Z,1756974772,-31.9808826470,115.8183388500,-24.968,58.36,1.275,0,2,
2025-09-04T08:32:58.081806Z,1756974778,-31.9808517230,115.8183980190,-24.818,52.13,1.266,0,2,
2025-09-04T08:33:03.089660Z,1756974783,-31.9808165250,115.8184513890,-24.852,48.28,1.273,0,2,
2025-09-04T08:33:08.312889Z,1756974788,-31.9807768780,115.8185038100,-25.193,38.50,1.268,0,2,
2025-09-04T08:33:13.501786Z,1756974793,-31.9807329250,115.8185450250,-25.972,33.52,1.203,0,2,
2025-09-04T08:33:18.682726Z,1756974798,-31.9806846430,115.8185827330,-26.744,32.96,1.243,0,2,
2025-09-04T08:33:23.690905Z,1756974803,-31.9806396400,115.8186171400,-27.281,29.61,1.191,0,2,
2025-09-04T08:33:28.883071Z,1756974808,-31.9805809290,115.8186564750,-27.145,19.09,1.446,0,2,
2025-09-04T08:33:34.072080Z,1756974814,-31.9805322760,115.8186763290,-26.188,25.27,1.103,0,2,
2025-09-04T08:33:39.306939Z,1756974819,-31.9804740590,115.8187087260,-26.450,22.66,1.367,0,2,
2025-09-04T08:33:44.314529Z,1756974824,-31.9804384920,115.8187262340,-26.164,33.89,0.856,0,2,
2025-09-04T08:33:49.493935Z,1756974829,-31.9803889600,115.8187654650,-25.806,17.96,1.281,0,2,
2025-09-04T08:33:54.683124Z,1756974834,-31.9803411130,115.8187837490,-25.666,3.75,1.078,0,2,
2025-09-04T08:33:59.864383Z,1756974839,-31.9802810780,115.8187883870,-25.715,2.69,1.291,0,2,
2025-09-04T08:34:04.882403Z,1756974844,-31.9802226460,115.8187916190,-25.738,1.76,1.296,0,2,
2025-09-04T08:34:09.889821Z,1756974849,-31.9801653810,115.8187936970,-25.666,1.57,1.272,0,2,
2025-09-04T08:34:15.070140Z,1756974855,-31.9801064000,115.8187956030,-25.560,0.32,1.266,0,2,
2025-09-04T08:34:20.292689Z,1756974860,-31.9800421230,115.8187960200,-25.718,1.40,1.369,0,2,
2025-09-04T08:34:25.309812Z,1756974865,-31.9799835400,115.8187977080,-25.742,357.90,1.299,0,2,
2025-09-04T08:34:30.320000Z,1756974870,-31.9799285060,115.8187953280,-25.622,351.64,1.222,0,2,
2025-09-04T08:34:35.499402Z,1756974875,-31.9798684030,115.8187849170,-25.587,347.26,1.304,0,2,
2025-09-04T08:34:40.691385Z,1756974880,-31.9798256500,115.8187735240,-25.646,348.29,0.939,0,2,
2025-09-04T08:34:45.890420Z,1756974885,-31.9797706900,115.8187600940,-25.721,348.47,1.200,0,2,
2025-09-04T08:34:50.893455Z,1756974890,-31.9797194080,115.8187477620,-25.631,348.89,1.163,0,2,
2025-09-04T08:34:56.079723Z,1756974896,-31.9796618020,115.8187344200,-25.517,341.79,1.259,0,2,
2025-09-04T08:35:01.097471Z,1756974901,-31.9796051590,115.8187124490,-25.440,334.77,1.321,0,2,
2025-09-04T08:35:06.320360Z,1756974906,-31.9795497340,115.8186816550,-25.220,321.77,1.304,0,2,
2025-09-04T08:35:11.499361Z,1756974911,-31.9795016880,115.8186370340,-25.091,321.91,1.313,0,2,
2025-09-04T08:35:16.681817Z,1756974916,-31.9794544640,115.8185933890,-25.198,319.44,1.287,0,2,
2025-09-04T08:35:21.881504Z,1756974921,-31.9794117710,115.8185503150,-25.366,314.58,1.202,0,2,
2025-09-04T08:35:26.890513Z,1756974926,-31.9793765520,115.8185081840,-25.211,304.04,1.114,0,2,
2025-09-04T08:35:32.080330Z,1756974932,-31.9793488300,115.8184598070,-25.147,301.12,1.061,0,2,
2025-09-04T08:35:37.086134Z,1756974937,-31.9793234860,115.8184103180,-25.263,306.05,1.089,0,2,
2025-09-04T08:35:42.310996Z,1756974942,-31.9792936910,115.8183620630,-26.331,315.50,1.077,0,2,
2025-09-04T08:35:47.500451Z,1756974947,-31.9792576250,115.8183202740,-26.383,307.04,1.084,0,2,
2025-09-04T08:35:52.714013Z,1756974952,-31.9792267280,115.8182720050,-26.056,276.31,1.094,0,2,
2025-09-04T08:35:57.871147Z,1756974957,-31.9792218460,115.8182199210,-25.400,282.38,0.958,0,2,
2025-09-04T08:36:02.890351Z,1756974962,-31.9792183760,115.8182012890,-24.593,326.16,0.358,0,2,
2025-09-04T08:36:08.082683Z,1756974968,-31.9792058640,115.8181913990,-26.180,103.72,0.323,0,2,
2025-09-04T08:36:13.089133Z,1756974973,-31.9792104760,115.8182136760,-24.536,72.76,0.432,0,2,
2025-09-04T08:36:18.311701Z,1756974978,-31.9792001840,115.8182527770,-23.717,47.95,0.739,0,2,
2025-09-04T08:36:23.501812Z,1756974983,-31.9791945620,115.8182601240,-23.584,161.61,0.180,0,2,
2025-09-04T08:36:28.696877Z,1756974988,-31.9792421870,115.8182787890,-22.832,144.00,1.074,0,2,
2025-09-04T08:36:33.885366Z,1756974993,-31.9792891710,115.8183190370,-22.120,127.24,1.245,0,2,
2025-09-04T08:36:39.072550Z,1756974999,-31.9793259290,115.8183760480,-22.203,118.98,1.302,0,2,
2025-09-04T08:36:44.090983Z,1756975004,-31.9793524260,115.8184324540,-22.203,123.17,1.212,0,2,
2025-09-04T08:36:49.314415Z,1756975009,-31.9793855340,115.8184921750,-21.795,129.79,1.288,0,2,
2025-09-04T08:36:54.496099Z,1756975014,-31.9794244940,115.8185473180,-22.632,133.72,1.306,0,2,
2025-09-04T08:36:59.501733Z,1756975019,-31.9794694610,115.8186027550,-23.063,145.47,1.445,0,2,
2025-09-04T08:37:04.694893Z,1756975024,-31.9795228950,115.8186461050,-22.687,148.09,1.389,0,2,
2025-09-04T08:37:09.885640Z,1756975029,-31.9795756560,115.8186848360,-22.416,150.45,1.331,0,2,
2025-09-04T08:37:14.892422Z,1756975034,-31.9796255360,115.8187181760,-22.373,159.78,1.273,0,2,
2025-09-04T08:37:19.899851Z,1756975039,-31.9796819710,115.8187426780,-22.325,167.55,1.335,0,2,
2025-09-04T08:37:25.090417Z,1756975045,-31.9797423670,115.8187584040,-22.790,178.94,1.325,0,2,
2025-09-04T08:37:30.313121Z,1756975050,-31.9798223480,115.8187601450,-22.313,174.14,1.703,0,2,
2025-09-04T08:37:35.504511Z,1756975055,-31.9798758930,115.8187666220,-22.156,178.07,1.153,0,2,
2025-09-04T08:37:40.694932Z,1756975060,-31.9799356860,115.8187689980,-22.233,178.41,1.282,0,2,
2025-09-04T08:37:45.895784Z,1756975065,-31.9799977370,115.8187710300,-22.284,178.77,1.327,0,2,
2025-09-04T08:37:51.096563Z,1756975071,-31.9800565510,115.8187725180,-22.254,179.31,1.258,0,2,
2025-09-04T08:37:56.320930Z,1756975076,-31.9801144200,115.8187733360,-22.110,181.68,1.232,0,2,
2025-09-04T08:38:01.488748Z,1756975081,-31.9801765040,115.8187711920,-22.166,182.78,1.336,0,2,
2025-09-04T08:38:06.499302Z,1756975086,-31.9802368520,115.8187677380,-22.231,179.29,1.341,0,2,
2025-09-04T08:38:11.696602Z,1756975091,-31.9802953300,115.8187685870,-22.210,179.30,1.251,0,2,
2025-09-04T08:38:16.878838Z,1756975096,-31.9803544100,115.8187694430,-22.168,182.32,1.268,0,2,
2025-09-04T08:38:21.886281Z,1756975101,-31.9804139630,115.8187666020,-22.228,179.51,1.324,0,2,
2025-09-04T08:38:27.077186Z,1756975107,-31.9804738070,115.8187672080,-22.271,182.43,1.282,0,2,
2025-09-04T08:38:32.083336Z,1756975112,-31.9805289430,115.8187644490,-22.033,181.26,1.226,0,2,
2025-09-04T08:38:37.306817Z,1756975117,-31.9805829680,115.8187630500,-21.298,171.24,1.150,0,2,
2025-09-04T08:38:42.338630Z,1756975122,-31.9806251000,115.8187707000,-22.276,179.95,0.942,-1,2,
2025-09-04T08:38:47.495858Z,1756975127,-31.9806926090,115.8187707630,-20.980,181.15,1.456,0,2,
2025-09-04T08:38:52.503324Z,1756975132,-31.9807470450,115.8187694730,-21.451,178.79,1.209,0,2,
2025-09-04T08:38:57.683754Z,1756975137,-31.9807992780,115.8187707740,-20.820,175.55,1.121,0,2,
2025-09-04T08:39:02.693671Z,1756975142,-31.9808531520,115.8187757200,-21.064,176.85,1.199,0,2,
2025-09-04T08:39:07.901832Z,1756975147,-31.9809098000,115.8187794000,-20.649,181.93,1.211,-1,2,
2025-09-04T08:39:13.071333Z,1756975153,-31.9809697350,115.8187770230,-18.180,185.22,1.290,0,2,
2025-09-04T08:39:18.082752Z,1756975158,-31.9810248500,115.8187710910,-17.689,186.64,1.228,0,2,
2025-09-04T08:39:23.312685Z,1756975163,-31.9810870860,115.8187625480,-18.370,185.03,1.332,0,2,
2025-09-04T08:39:28.505085Z,1756975168,-31.9811737750,115.8187535520,-15.766,184.66,1.864,0,2,
2025-09-04T08:39:33.684601Z,1756975173,-31.9812313060,115.8187480280,-15.600,181.69,1.239,0,2,
2025-09-04T08:39:38.703617Z,1756975178,-31.9812895360,115.8187460050,-15.584,180.44,1.291,0,2,
2025-09-04T08:39:43.892630Z,1756975183,-31.9813505120,115.8187454550,-15.612,179.80,1.307,0,2,
2025-09-04T08:39:49.085881Z,1756975189,-31.9814102950,115.8187457050,-15.521,179.75,1.280,0,2,
2025-09-04T08:39:54.305859Z,1756975194,-31.9814704650,115.8187460200,-15.399,183.23,1.282,0,2,
2025-09-04T08:39:59.506028Z,1756975199,-31.9815302290,115.8187420460,-15.464,182.92,1.280,0,2,
2025-09-04T08:40:04.698336Z,1756975204,-31.9815888940,115.8187385130,-15.356,178.53,1.258,0,2,
2025-09-04T08:40:09.889235Z,1756975209,-31.9816497190,115.8187403520,-15.400,176.42,1.303,0,2,
2025-09-04T08:40:15.071305Z,1756975215,-31.9817115130,115.8187449110,-14.499,180.83,1.329,0,2,
2025-09-04T08:40:20.302341Z,1756975220,-31.9817679780,115.8187439490,-14.900,176.31,1.200,0,2,
2025-09-04T08:40:25.309124Z,1756975225,-31.9818250040,115.8187482810,-14.870,180.60,1.269,0,2,
2025-09-04T08:40:30.489568Z,1756975230,-31.9818863660,115.8187475250,-15.498,177.92,1.317,0,2,
2025-09-04T08:40:35.693469Z,1756975235,-31.9819435080,115.8187499680,-15.296,180.77,1.222,0,2,
2025-09-04T08:40:40.870763Z,1756975240,-31.9820044490,115.8187490070,-14.963,181.01,1.309,0,2,
2025-09-04T08:40:45.879351Z,1756975245,-31.9820624460,115.8187477990,-14.888,183.26,1.288,0,2,
2025-09-04T08:40:51.068386Z,1756975251,-31.9821221180,115.8187437950,-15.013,181.19,1.281,0,2,
2025-09-04T08:40:56.078084Z,1756975256,-31.9821797420,115.8187423830,-15.303,181.14,1.279,0,2,
2025-09-04T08:41:01.300742Z,1756975261,-31.9822377510,115.8187410210,-14.649,180.40,1.235,0,2,
2025-09-04T08:41:06.318704Z,1756975266,-31.9822964890,115.8187405410,-14.503,183.12,1.302,0,2,
2025-09-04T08:41:11.509498Z,1756975271,-31.9823566670,115.8187366760,-14.868,180.53,1.291,0,2,
2025-09-04T08:41:16.700252Z,1756975276,-31.9824173730,115.8187360090,-15.050,177.03,1.300,0,2,
2025-09-04T08:41:21.891427Z,1756975281,-31.9824773670,115.8187396750,-14.148,181.28,1.287,0,2,
2025-09-04T08:41:27.080715Z,1756975287,-31.9825381410,115.8187380680,-14.286,181.88,1.303,0,2,
2025-09-04T08:41:32.088356Z,1756975292,-31.9825927400,115.8187359550,-15.138,177.79,1.213,0,2,
2025-09-04T08:41:37.311156Z,1756975297,-31.9826505770,115.8187385900,-15.870,176.11,1.232,0,2,
2025-09-04T08:41:42.492106Z,1756975302,-31.9827164840,115.8187438670,-16.393,175.70,1.418,0,2,
2025-09-04T08:41:47.500104Z,1756975307,-31.9827795710,115.8187494580,-16.898,183.08,1.405,0,2,
2025-09-04T08:41:52.691351Z,1756975312,-31.9828410200,115.8187455570,-17.829,182.85,1.318,0,2,
2025-09-04T08:41:57.890034Z,1756975317,-31.9829018880,115.8187419830,-18.378,181.25,1.304,0,2,
2025-09-04T08:42:03.076509Z,1756975323,-31.9829625690,115.8187404260,-18.858,181.44,1.301,0,2,
2025-09-04T08:42:08.077895Z,1756975328,-31.9830184280,115.8187387700,-19.816,179.25,1.242,0,2,
2025-09-04T08:42:13.302241Z,1756975333,-31.9830789430,115.8187397050,-20.765,181.33,1.288,0,2,
2025-09-04T08:42:18.309789Z,1756975338,-31.9831372820,115.8187381050,-21.449,180.21,1.296,0,2,
2025-09-04T08:42:23.319216Z,1756975343,-31.9831942570,115.8187378550,-21.134,182.42,1.265,0,2,
2025-09-04T08:42:28.496778Z,1756975348,-31.9832520480,115.8187349800,-21.190,177.69,1.242,0,2,
2025-09-04T08:42:33.687766Z,1756975353,-31.9833112120,115.8187377940,-21.432,180.67,1.268,0,2,
2025-09-04T08:42:38.695363Z,1756975358,-31.9833656050,115.8187370420,-22.157,182.14,1.208,0,2,
2025-09-04T08:42:43.887933Z,1756975363,-31.9834231550,115.8187345090,-22.402,182.90,1.233,0,2,
2025-09-04T08:42:48.895017Z,1756975368,-31.9834802270,115.8187311010,-21.904,178.28,1.269,0,2,
2025-09-04T08:42:54.077299Z,1756975374,-31.9835399360,115.8187332160,-21.373,181.91,1.282,0,2,
2025-09-04T08:42:59.084175Z,1756975379,-31.9835963280,115.8187310030,-21.728,181.05,1.253,0,2,
2025-09-04T08:43:04.305517Z,1756975384,-31.9836552520,115.8187297290,-21.390,176.70,1.255,0,2,
2025-09-04T08:43:09.312146Z,1756975389,-31.9837112020,115.8187335300,-21.527,178.36,1.245,0,2,
2025-09-04T08:43:14.319463Z,1756975394,-31.9837712560,115.8187355630,-21.135,178.48,1.334,0,2,
2025-09-04T08:43:19.489839Z,1756975399,-31.9838346000,115.8187375400,-21.057,179.20,1.363,0,2,
2025-09-04T08:43:24.499241Z,1756975404,-31.9838929160,115.8187385050,-21.070,183.48,1.295,0,2,
2025-09-04T08:43:29.688474Z,1756975409,-31.9839539740,115.8187341260,-21.429,180.84,1.311,0,2,
2025-09-04T08:43:34.698956Z,1756975414,-31.9840185380,115.8187330080,-21.605,180.05,1.433,0,2,
2025-09-04T08:43:39.704887Z,1756975419,-31.9840819950,115.8187329430,-21.772,180.80,1.410,0,2,
2025-09-04T08:43:44.896372Z,1756975424,-31.9841350490,115.8187320750,-22.820,177.60,1.136,0,2,
2025-09-04T08:43:50.076233Z,1756975430,-31.9841954250,115.8187350640,-22.977,177.57,1.297,0,2,
2025-09-04T08:43:55.094041Z,1756975435,-31.9842534970,115.8187379720,-22.801,178.97,1.288,0,2,
2025-09-04T08:44:00.499481Z,1756975440,-31.9843155090,115.8187392810,-22.578,178.42,1.276,0,2,
2025-09-04T08:44:05.690305Z,1756975445,-31.9843734610,115.8187411610,-22.749,179.96,1.242,0,2,
2025-09-04T08:44:10.881638Z,1756975450,-31.9844349970,115.8187412080,-22.949,180.25,1.318,0,2,
2025-09-04T08:44:15.897960Z,1756975455,-31.9844935820,115.8187409020,-23.124,180.47,1.299,0,2,
2025-09-04T08:44:20.905998Z,1756975460,-31.9845532120,115.8187403290,-22.839,179.18,1.324,0,2,
2025-09-04T08:44:26.075149Z,1756975466,-31.9846152220,115.8187413690,-23.080,178.61,1.334,0,2,
2025-09-04T08:44:31.075159Z,1756975471,-31.9846747040,115.8187430750,-22.967,181.68,1.323,0,2,
2025-09-04T08:44:36.083495Z,1756975476,-31.9847320810,115.8187410920,-23.099,176.91,1.274,0,2,
2025-09-04T08:44:41.090882Z,1756975481,-31.9847860120,115.8187445270,-23.207,177.89,1.199,0,2,
2025-09-04T08:44:46.313498Z,1756975486,-31.9848030450,115.8187452670,-23.270,156.72,0.363,0,2,
2025-09-04T08:44:51.320607Z,1756975491,-31.9848035950,115.8187455460,-23.357,161.26,0.013,0,2,
2025-09-04T08:44:56.503928Z,1756975496,-31.9848051780,115.8187461790,-23.506,173.40,0.036,0,2,
2025-09-04T08:45:01.692593Z,1756975501,-31.9848376100,115.8187506000,-23.296,151.72,0.700,0,2,
2025-09-04T08:45:06.882238Z,1756975506,-31.9848684340,115.8187701500,-23.049,136.98,0.750,0,2,
2025-09-04T08:45:11.901320Z,1756975511,-31.9848935210,115.8187977520,-24.304,100.79,0.760,0,2,
2025-09-04T08:45:17.082397Z,1756975517,-31.9849011210,115.8188447690,-24.382,91.72,0.871,0,2,
2025-09-04T08:45:22.303971Z,1756975522,-31.9849029630,115.8189169800,-24.633,90.26,1.305,0,2,
2025-09-04T08:45:27.495251Z,1756975527,-31.9849032210,115.8189844430,-24.363,86.75,1.226,0,2,
2025-09-04T08:45:32.502635Z,1756975532,-31.9848997130,115.8190573020,-24.709,90.43,1.375,0,2,
2025-09-04T08:45:37.692821Z,1756975537,-31.9849001390,115.8191248980,-24.758,91.25,1.228,0,2,
2025-09-04T08:45:42.699714Z,1756975542,-31.9849013730,115.8191913290,-24.837,89.76,1.252,0,2,
2025-09-04T08:45:47.891189Z,1756975547,-31.9849011300,115.8192587170,-24.948,90.24,1.224,0,2,
2025-09-04T08:45:53.092944Z,1756975553,-31.9849013750,115.8193288050,-25.079,89.71,1.271,0,2,
2025-09-04T08:45:58.325560Z,1756975558,-31.9849010650,115.8193999160,-24.992,88.80,1.282,0,2,
2025-09-04T08:46:03.505211Z,1756975563,-31.9848997990,115.8194713470,-24.792,85.93,1.301,0,2,
2025-09-04T08:46:08.513643Z,1756975568,-31.9848958940,115.8195361200,-25.158,93.07,1.223,0,2,
2025-09-04T08:46:13.683538Z,1756975573,-31.9848988250,115.8196006040,-26.134,86.04,1.178,0,2,
2025-09-04T08:46:18.693976Z,1756975578,-31.9848951850,115.8196626660,-25.497,90.79,1.171,0,2,
2025-09-04T08:46:23.701477Z,1756975583,-31.9848958200,115.8197170050,-25.632,92.19,1.024,0,2,
2025-09-04T08:46:28.889742Z,1756975588,-31.9848976820,115.8197745150,-26.067,87.97,1.046,0,2,
2025-09-04T08:46:33.896981Z,1756975593,-31.9848960760,115.8198279820,-26.139,89.48,1.008,0,2,
2025-09-04T08:46:39.099597Z,1756975599,-31.9848955640,115.8198949450,-26.280,89.78,1.214,0,2,
2025-09-04T08:46:44.321333Z,1756975604,-31.9848953280,115.8199687880,-26.031,88.81,1.334,0,2,
2025-09-04T08:46:49.512115Z,1756975609,-31.9848940100,115.8200433070,-26.222,67.39,1.354,0,2,
2025-09-04T08:46:54.694867Z,1756975614,-31.9848734010,115.8201016550,-26.273,21.03,1.150,0,2,
2025-09-04T08:46:59.893117Z,1756975619,-31.9848211260,115.8201253470,-26.498,4.60,1.198,0,2,
2025-09-04T08:47:04.902845Z,1756975624,-31.9847621950,115.8201309430,-26.823,356.93,1.312,0,2,
2025-09-04T08:47:10.101343Z,1756975630,-31.9846990540,115.8201269460,-28.373,359.16,1.353,0,2,
2025-09-04T08:47:15.314260Z,1756975635,-31.9846385950,115.8201259020,-27.726,1.67,1.290,0,2,
2025-09-04T08:47:20.493428Z,1756975640,-31.9845788760,115.8201279510,-27.048,358.96,1.283,0,2,
2025-09-04T08:47:25.501844Z,1756975645,-31.9845209150,115.8201267160,-27.568,355.76,1.287,0,2,
2025-09-04T08:47:30.509345Z,1756975650,-31.9844625950,115.8201216200,-27.313,0.78,1.299,0,2,
2025-09-04T08:47:35.700769Z,1756975655,-31.9844005030,115.8201226130,-27.029,0.93,1.330,0,2,
2025-09-04T08:47:40.889897Z,1756975660,-31.9843392270,115.8201237830,-27.112,0.05,1.313,0,2,
2025-09-04T08:47:46.082956Z,1756975666,-31.9842800430,115.8201238380,-27.156,1.94,1.267,0,2,
2025-09-04T08:47:51.315366Z,1756975671,-31.9842200970,115.8201262340,-27.357,358.67,1.275,0,2,
2025-09-04T08:47:56.496101Z,1756975676,-31.9841613890,115.8201246310,-28.432,2.55,1.260,0,2,
2025-09-04T08:48:01.685150Z,1756975681,-31.9841046260,115.8201276070,-29.132,359.21,1.218,0,2,
2025-09-04T08:48:06.876049Z,1756975686,-31.9840433230,115.8201266150,-29.966,0.74,1.313,0,2,
2025-09-04T08:48:11.894387Z,1756975691,-31.9839887180,115.8201274420,-29.698,359.29,1.210,0,2,
2025-09-04T08:48:17.086035Z,1756975697,-31.9839281330,115.8201265540,-29.724,357.72,1.298,0,2,
2025-09-04T08:48:22.312374Z,1756975702,-31.9838714160,115.8201238910,-29.114,359.94,1.208,0,2,
2025-09-04T08:48:27.318282Z,1756975707,-31.9838119900,115.8201238220,-29.297,359.54,1.320,0,2,
2025-09-04T08:48:32.327552Z,1756975712,-31.9837541290,115.8201232790,-27.591,1.33,1.284,0,2,
2025-09-04T08:48:37.516300Z,1756975717,-31.9836963500,115.8201248640,-29.121,4.72,1.239,0,2,
2025-09-04T08:48:42.686227Z,1756975722,-31.9836366570,115.8201306770,-28.612,358.94,1.288,0,2,
2025-09-04T08:48:47.693445Z,1756975727,-31.9835767390,115.8201293700,-28.822,356.99,1.331,0,2,
2025-09-04T08:48:52.701475Z,1756975732,-31.9835178370,115.8201257200,-28.454,358.65,1.310,0,2,
2025-09-04T08:48:57.883844Z,1756975737,-31.9834562430,115.8201240130,-27.804,358.78,1.322,0,2,
2025-09-04T08:49:02.900826Z,1756975742,-31.9833969500,115.8201225210,-27.913,1.23,1.314,0,2,
2025-09-04T08:49:08.104244Z,1756975748,-31.9833350130,115.8201240910,-28.061,0.36,1.324,0,2,
2025-09-04T08:49:13.323099Z,1756975753,-31.9832736210,115.8201245450,-28.137,0.74,1.308,0,2,
2025-09-04T08:49:18.525035Z,1756975758,-31.9832136160,115.8201254530,-27.782,358.59,1.283,0,2,
2025-09-04T08:49:23.705810Z,1756975763,-31.9831531900,115.8201237040,-27.757,358.06,1.297,0,2,
2025-09-04T08:49:28.907772Z,1756975768,-31.9830944070,115.8201213580,-27.138,359.88,1.257,0,2,
2025-09-04T08:49:34.087946Z,1756975774,-31.9830342900,115.8201212110,-26.746,359.47,1.290,0,2,
2025-09-04T08:49:39.300520Z,1756975779,-31.9829742550,115.8201205560,-26.933,1.49,1.281,0,2,
2025-09-04T08:49:44.307066Z,1756975784,-31.9829150110,115.8201223730,-26.959,0.72,1.316,0,2,
2025-09-04T08:49:49.315948Z,1756975789,-31.9828546540,115.8201232670,-27.511,0.82,1.340,0,2,
2025-09-04T08:49:54.322382Z,1756975794,-31.9827979370,115.8201242250,-26.997,359.46,1.260,0,2,
2025-09-04T08:49:59.330915Z,1756975799,-31.9827408980,115.8201235930,-27.147,0.09,1.266,0,2,
2025-09-04T08:50:04.499671Z,1756975804,-31.9826804800,115.8201237100,-27.185,0.97,1.300,0,2,
2025-09-04T08:50:09.508472Z,1756975809,-31.9826227540,115.8201248660,-27.375,1.37,1.282,0,2,
2025-09-04T08:50:14.708534Z,1756975814,-31.9825759280,115.8201261890,-27.103,0.60,1.002,0,2,
2025-09-04T08:50:19.890203Z,1756975819,-31.9825384610,115.8201266500,-26.985,2.76,0.804,0,2,
2025-09-04T08:50:24.895545Z,1756975824,-31.9824952270,115.8201291040,-27.148,344.90,0.962,0,2,
2025-09-04T08:50:30.089002Z,1756975830,-31.9824478040,115.8201140230,-27.467,301.89,1.052,0,2,
2025-09-04T08:50:35.310252Z,1756975835,-31.9824198050,115.8200609760,-27.669,274.24,1.129,0,2,
2025-09-04T08:50:40.511084Z,1756975840,-31.9824157670,115.8199967950,-27.780,267.55,1.167,0,2,
2025-09-04T08:50:45.691370Z,1756975845,-31.9824180650,115.8199334740,-27.559,270.71,1.154,0,2,
2025-09-04T08:50:50.881244Z,1756975850,-31.9824173820,115.8198686950,-27.372,271.65,1.177,0,2,
2025-09-04T08:50:55.890199Z,1756975855,-31.9824157420,115.8198016630,-27.588,268.95,1.263,0,2,
2025-09-04T08:51:01.079862Z,1756975861,-31.9824168280,115.8197316690,-27.608,281.64,1.272,0,2,
2025-09-04T08:51:06.088183Z,1756975866,-31.9824052830,115.8196655900,-27.490,291.36,1.271,0,2,
2025-09-04T08:51:11.321454Z,1756975871,-31.9823834370,115.8195997240,-26.742,300.17,1.275,0,2,
2025-09-04T08:51:16.510952Z,1756975876,-31.9823536900,115.8195394040,-26.672,313.95,1.268,0,2,
2025-09-04T08:51:21.692132Z,1756975881,-31.9823134830,115.8194902370,-26.852,312.31,1.243,0,2,
2025-09-04T08:51:26.883636Z,1756975886,-31.9822728550,115.8194376170,-26.183,300.96,1.293,0,2,
2025-09-04T08:51:32.085764Z,1756975892,-31.9822406150,115.8193742570,-26.819,278.53,1.340,0,2,
2025-09-04T08:51:37.305884Z,1756975897,-31.9822319650,115.8193062610,-26.990,272.67,1.242,0,2,
2025-09-04T08:51:42.496775Z,1756975902,-31.9822293000,115.8192387970,-27.491,273.06,1.227,0,2,
2025-09-04T08:51:47.688945Z,1756975907,-31.9822260840,115.8191679510,-27.868,271.75,1.289,0,2,
2025-09-04T08:51:52.889905Z,1756975912,-31.9822241450,115.8190930580,-27.693,269.72,1.359,0,2,
2025-09-04T08:51:58.089592Z,1756975918,-31.9822244510,115.8190180590,-27.542,269.02,1.360,0,2,
2025-09-04T08:52:03.312513Z,1756975923,-31.9822254970,115.8189456120,-27.242,271.34,1.308,0,2,
2025-09-04T08:52:08.493654Z,1756975928,-31.9822241550,115.8188781320,-27.774,286.21,1.229,0,2,
2025-09-04T08:52:13.500683Z,1756975933,-31.9822117710,115.8188279020,-26.750,313.22,0.985,0,2,
2025-09-04T08:52:18.693381Z,1756975938,-31.9821838800,115.8187929150,-26.874,343.18,0.872,0,2,
2025-09-04T08:52:23.882448Z,1756975943,-31.9821275330,115.8187728370,-26.726,358.72,1.261,0,2,
2025-09-04T08:52:29.072995Z,1756975949,-31.9820683280,115.8187712820,-26.403,345.92,1.269,0,2,
2025-09-04T08:52:34.082129Z,1756975954,-31.9820099700,115.8187540200,-27.655,3.36,1.336,0,2,
2025-09-04T08:52:39.087768Z,1756975959,-31.9819588070,115.8187575600,-28.928,349.09,1.138,0,2,
2025-09-04T08:52:44.300512Z,1756975964,-31.9818992840,115.8187440390,-28.693,1.00,1.293,0,2,
2025-09-04T08:52:49.492603Z,1756975969,-31.9818398550,115.8187452640,-29.630,0.71,1.273,0,2,
2025-09-04T08:52:54.684159Z,1756975974,-31.9817794180,115.8187461420,-28.733,353.71,1.295,0,2,
2025-09-04T08:52:59.690322Z,1756975979,-31.9817273670,115.8187393780,-28.650,210.69,1.163,0,2,
2025-09-04T08:53:04.697153Z,1756975984,-31.9817305510,115.8187371500,-29.396,154.00,0.082,0,2,
2025-09-04T08:53:09.889430Z,1756975989,-31.9817325770,115.8187383150,-27.608,6.49,0.048,0,2,
2025-09-04T08:53:15.078455Z,1756975995,-31.9817046170,115.8187420640,-26.017,356.48,0.603,0,2,
2025-09-04T08:53:20.086875Z,1756976000,-31.9816552440,115.8187384870,-25.775,0.29,1.098,0,2,
2025-09-04T08:53:25.298392Z,1756976005,-31.9815906560,115.8187388680,-24.419,4.59,1.378,0,2,
2025-09-04T08:53:30.307642Z,1756976010,-31.9815242290,115.8187451570,-24.621,3.84,1.479,0,2,
2025-09-04T08:53:35.314356Z,1756976015,-31.9814694080,115.8187494970,-24.144,0.24,1.220,0,2,
2025-09-04T08:53:40.495056Z,1756976020,-31.9814076590,115.8187498050,-24.039,0.01,1.325,0,2,
2025-09-04T08:53:45.501829Z,1756976025,-31.9813502630,115.8187498180,-23.961,6.44,1.275,0,2,
2025-09-04T08:53:50.693454Z,1756976030,-31.9812954740,115.8187571100,-23.591,3.14,1.181,0,2,
2025-09-04T08:53:55.873589Z,1756976035,-31.9812347370,115.8187610320,-24.491,6.17,1.306,0,2,
2025-09-04T08:54:00.882504Z,1756976040,-31.9811877780,115.8187670180,-24.777,0.09,1.049,0,2,
2025-09-04T08:54:05.891330Z,1756976045,-31.9811277200,115.8187671330,-24.856,354.93,1.333,0,2,
2025-09-04T08:54:11.090502Z,1756976051,-31.9810686200,115.8187609500,-24.903,339.89,1.269,0,2,
2025-09-04T08:54:16.301042Z,1756976056,-31.9810135260,115.8187371670,-25.518,324.87,1.252,0,2,
2025-09-04T08:54:21.503888Z,1756976061,-31.9809886280,115.8187165140,-28.957,282.51,0.651,0,2,
2025-09-04T08:54:26.695797Z,1756976066,-31.9809713160,115.8186245360,-27.081,269.09,1.712,0,2,
2025-09-04T08:54:31.885073Z,1756976071,-31.9809721940,115.8185594410,-26.914,273.50,1.183,0,2,
2025-09-04T08:54:36.903638Z,1756976076,-31.9809687710,115.8184935290,-27.806,266.10,1.241,0,2,
2025-09-04T08:54:42.082752Z,1756976082,-31.9809729340,115.8184215920,-27.158,276.55,1.313,0,2,
2025-09-04T08:54:47.317832Z,1756976087,-31.9809645620,115.8183356390,-24.884,269.31,1.559,0,2,
2025-09-04T08:54:52.324754Z,1756976092,-31.9809652530,115.8182679960,-24.846,267.75,1.274,0,2,
2025-09-04T08:54:57.332536Z,1756976097,-31.9809675110,115.8182002610,-24.846,267.78,1.277,0,2,
2025-09-04T08:55:02.510855Z,1756976102,-31.9809697920,115.8181308320,-24.712,269.89,1.266,0,2,
2025-09-04T08:55:07.681728Z,1756976107,-31.9809699090,115.8180605340,-24.672,272.58,1.282,0,2,
2025-09-04T08:55:12.699602Z,1756976112,-31.9809672220,115.8179901380,-24.756,271.61,1.325,0,2,
2025-09-04T08:55:17.709754Z,1756976117,-31.9809655740,115.8179210610,-24.713,268.59,1.301,0,2,
2025-09-04T08:55:22.897645Z,1756976122,-31.9809670520,115.8178503590,-24.708,270.27,1.286,0,2,
2025-09-04T08:55:28.088624Z,1756976128,-31.9809667690,115.8177793170,-24.700,270.86,1.291,0,2,
2025-09-04T08:55:33.332829Z,1756976133,-31.9809658750,115.8177091830,-24.693,269.50,1.262,0,2,
2025-09-04T08:55:38.502399Z,1756976138,-31.9809663990,115.8176381220,-24.684,270.18,1.297,0,2,
2025-09-04T08:55:43.521175Z,1756976143,-31.9809662190,115.8175699990,-24.640,271.11,1.280,0,2,
2025-09-04T08:55:48.690876Z,1756976148,-31.9809650590,115.8174997190,-24.665,270.17,1.282,0,2,
2025-09-04T08:55:53.697296Z,1756976153,-31.9809649020,115.8174362920,-24.665,266.61,1.195,0,2,
2025-09-04T08:55:58.706884Z,1756976158,-31.9809677400,115.8173798330,-24.407,270.56,1.065,0,2,
2025-09-04T08:56:03.886379Z,1756976163,-31.9809672100,115.8173163820,-25.075,265.44,1.155,0,2,
2025-09-04T08:56:08.894049Z,1756976168,-31.9809719150,115.8172468810,-25.170,232.80,1.313,0,2,
2025-09-04T08:56:14.085546Z,1756976174,-31.9810112420,115.8171857880,-25.585,193.55,1.393,0,2,
2025-09-04T08:56:19.091151Z,1756976179,-31.9810677810,115.8171697210,-24.978,180.33,1.292,0,2,
2025-09-04T08:56:24.313981Z,1756976184,-31.9811264070,115.8171693190,-24.779,181.07,1.248,0,2,
2025-09-04T08:56:29.485742Z,1756976189,-31.9811870370,115.8171679870,-24.841,179.52,1.304,0,2,
2025-09-04T08:56:34.494211Z,1756976194,-31.9812460360,115.8171685720,-24.700,181.77,1.310,0,2,
2025-09-04T08:56:39.510335Z,1756976199,-31.9813043800,115.8171664500,-24.497,181.88,1.294,0,2,
2025-09-04T08:56:44.691519Z,1756976204,-31.9813628290,115.8171641860,-24.364,194.87,1.255,0,2,
2025-09-04T08:56:49.703324Z,1756976209,-31.9813772000,115.8171596860,-24.980,1.02,0.330,0,2,
2025-09-04T08:56:54.888720Z,1756976214,-31.9813399810,115.8171604680,-25.927,309.37,0.798,0,2,
2025-09-04T08:57:00.083199Z,1756976220,-31.9813157330,115.8171256290,-26.150,272.62,0.818,0,2,
2025-09-04T08:57:05.097996Z,1756976225,-31.9813132090,115.8170605250,-26.329,267.35,1.226,0,2,
2025-09-04T08:57:10.099090Z,1756976230,-31.9813159320,115.8169911160,-25.522,270.01,1.310,0,2,
2025-09-04T08:57:15.318255Z,1756976235,-31.9813159190,115.8169200600,-25.370,266.39,1.284,0,2,
2025-09-04T08:57:20.508737Z,1756976240,-31.9813200370,115.8168431300,-24.877,270.04,1.401,0,2,
2025-09-04T08:57:25.700475Z,1756976245,-31.9813199990,115.8167732390,-24.935,269.06,1.270,0,2,
2025-09-04T08:57:30.888730Z,1756976250,-31.9813209740,115.8167030010,-24.916,267.27,1.277,0,2,
2025-09-04T08:57:35.897506Z,1756976255,-31.9813236980,115.8166355900,-24.937,267.79,1.271,0,2,
2025-09-04T08:57:41.089910Z,1756976261,-31.9813259560,115.8165666070,-24.903,269.85,1.254,0,2,
2025-09-04T08:57:46.096700Z,1756976266,-31.9813261030,115.8165003060,-24.894,270.91,1.249,0,2,
2025-09-04T08:57:51.320077Z,1756976271,-31.9813251510,115.8164297010,-24.985,271.16,1.275,0,2,
2025-09-04T08:57:56.499388Z,1756976276,-31.9813239560,115.8163602080,-24.853,270.52,1.266,0,2,
2025-09-04T08:58:01.691701Z,1756976281,-31.9813234330,115.8162917760,-25.025,270.09,1.243,0,2,
2025-09-04T08:58:06.872413Z,1756976286,-31.9813233370,115.8162207270,-24.702,270.18,1.293,0,2,
2025-09-04T08:58:11.877579Z,1756976291,-31.9813231580,115.8161542150,-24.637,269.55,1.253,0,2,
2025-09-04T08:58:17.068340Z,1756976297,-31.9813236270,115.8160844560,-24.675,269.65,1.268,0,2,
2025-09-04T08:58:22.077571Z,1756976302,-31.9813239670,115.8160188140,-24.902,264.99,1.236,0,2,
2025-09-04T08:58:27.299631Z,1756976307,-31.9813284740,115.8159581610,-25.395,244.66,1.100,0,2,
2025-09-04T08:58:32.306548Z,1756976312,-31.9813327170,115.8159475970,-25.588,113.95,0.220,0,2,
2025-09-04T08:58:37.495682Z,1756976317,-31.9813338940,115.8159507210,-25.431,113.95,0.062,0,2,
